Mistake, Did not make the slot and time configurable via environment variables. The code was hardcoded to 2 slots and 1 second timeout
Worker, 2
slots,timeout,work_score,risk_p95_ms,error_rate,qualified
1,0.6,274669,1381.7452925,0.06552718010590522,no
1,0.8,272138,1327.7488014499997,0.0674824799291142,no
3,0.6,283498,1307.3439295,0.06689023955164339,no
3,0.8,284532,1310.639573,0.06668993059594432,no
6,0.6,282792,1308.7048032,0.06711056597161381,no
6,0.8,279146,1379.1128228,0.06699177801292121,no
7,0.6,278048,1372.2744831999996,0.0671912832929782,no
7,0.8,284908,1314.0154854,0.06623287274878317,no
Worker, 1
slots,timeout,work_score,risk_p95_ms,error_rate,qualified
1,0.6,374845,1313.63442625,0.06145504068023177,no
1,0.8,338174,1316.9740138,0.07077440756789359,no
3,0.6,317772,1477.4940792,0.06653031830620769,no
3,0.8,343399,1322.8041114999999,0.06942450394164576,no
6,0.6,346924,1318.1749095,0.06871314457780937,no
6,0.8,345227,1314.4811645999998,0.06941026773508319,no
7,0.6,343367,1319.072753,0.06862412730027227,no
7,0.8,351277,1311.6245945,0.06793002765847175,no

Since we did not see much improvement with slot 8 and low timeout
worker, 1 
slots,timeout,work_score,risk_p95_ms,error_rate,qualified
6,0.8,327949,1788.9733056000005,0.07491043259718731,no
6,1,313099,2006.3075072999995,0.06460971243212583,no
6,1.2,288661,2270.45039555,0.06385606839596712,no
7,0.8,346367,1825.4125364999998,0.07175825132805017,no
7,1,325175,2013.219436849999,0.06560836383591404,no
7,1.2,298987,2333.8466575,0.059416762517237216,no
9,0.8,326377,2120.756250399999,0.07235315268198607,no
9,1,313446,2293.4855322000003,0.0638139346363154,no
9,1.2,296708,2436.3397125999995,0.05554645793076344,no
=== All results (also saved to sweep-results.csv) ===
slots  timeout  wait_timeout  work_score  risk_p95_ms         error_rate           qualified
2      0.8      1.6           189512      1717.4811720999999  0.08604494989577974  no
5      0.8      1.6           199267      2378.014708499999   0.08695330118022748  no
slots  timeout  wait_timeout  work_score  risk_p95_ms         error_rate           qualified
2      0.8      1.6           261181      1376.6594143999998  0.08051278092959233  no
5      0.8      1.6           272858      1933.8384196        0.07985146232351804  no
Worker, 4

=== All results (also saved to sweep-results.csv) ===
slots  timeout  wait_timeout  work_score  risk_p95_ms         error_rate            qualified
5      0.8      1.6           168330      1701.7294861999999  0.043992257558680845  no
worker 5
5      0.8      1.6           166578      1709.3715289999998  0.04429779742191251  no
slots  timeout  wait_timeout  work_score  risk_p95_ms         error_rate           qualified
5      0.8      1.6           110257      1329.5682827999995  0.05167271551259477  no

coolll
 █ THRESHOLDS 

    http_req_duration{tier:price}
    ✓ 'p(95)<200' p(95)=27.93ms

    http_req_duration{tier:risk}
    ✓ 'p(95)<1500' p(95)=17.95ms

    http_req_duration{tier:stats}
    ✓ 'p(95)<500' p(95)=28.17ms

    http_req_failed
    ✗ 'rate<0.01' rate=10.51%


  █ TOTAL RESULTS 

    checks_total.......: 127539 411.139485/s
    checks_succeeded...: 89.48% 114130 out of 127539
    checks_failed......: 10.51% 13409 out of 127539

    ✗ status is 200
      ↳  89% — ✓ 114130 / ✗ 13409

    CUSTOM
    work_score.....................: 190048 612.645832/s

    HTTP
    http_req_duration..............: avg=58.74ms  min=0s       med=5.61ms max=31.24s p(90)=20.49ms p(95)=27.2ms 
      { expected_response:true }...: avg=24.5ms   min=978.73µs med=5.66ms max=20.85s p(90)=21.12ms p(95)=27.83ms
      { tier:price }...............: avg=58.17ms  min=0s       med=5.56ms max=31.24s p(90)=21.09ms p(95)=27.93ms
      { tier:risk }................: avg=61.59ms  min=0s       med=5.47ms max=31.24s p(90)=13.84ms p(95)=17.95ms
      { tier:stats }...............: avg=58.9ms   min=0s       med=5.78ms max=31.24s p(90)=21.38ms p(95)=28.17ms
    http_req_failed................: 10.51% 13409 out of 127539
    http_reqs......................: 127539 411.139485/s

    EXECUTION
    iteration_duration.............: avg=196.07ms min=1.03ms   med=6.04ms max=30.01s p(90)=21.46ms p(95)=28.94ms
    iterations.....................: 127539 411.139485/s
    vus............................: 1      min=0               max=200
    vus_max........................: 200    min=200             max=200

    NETWORK
    data_received..................: 23 MB  76 kB/s
    data_sent......................: 13 MB  42 kB/s




running (5m10.2s), 000/200 VUs, 127539 complete and 0 interrupted iterations
siege ✓ [ 100% ] 000/200 VUs  4m30s
time="2026-08-22T05:26:31Z" level=error msg="thresholds on metrics 'http_req_failed' have been crossed"
work_score=190048 risk_p95=17.954113149999998 error_rate=0.10513646806075004 qualified=no

=== All results (also saved to sweep-results.csv) ===
slots  timeout  wait_timeout  work_score  risk_p95_ms         error_rate           qualified
5      0.8      1.6           190048      17.954113149999998  0.10513646806075004  no